id,category,brand,model,size,price_per_hour
f0d29958-2050-49dc-ac08-51f01c4c5c87,Snowboard,Young-Hodge,anything,XL,10
319f3a70-32c0-4649-a664-9feedd0ac28e,Snowboard,Carter-Taylor,fill,M,10
930fd89e-608d-4cb4-b8c1-ea06fc4bff6b,Helmet,Walker and Sons,themselves,L,20
2916f843-e733-48aa-9574-eed02c71c860,Ski,"Bradley, Lester and Green",either,S,10
77344a42-0ffa-4667-a004-901c163377a4,Snowboard,Bentley Inc,detail,S,10
a2bb1d63-d651-4a88-bf40-d4441ee96bf1,Snowboard,"Bray, Thompson and Smith",offer,L,10
d2e063ef-7c75-4f9b-95f4-2daa5b16342b,Boots,"Jenkins, Garrett and Francis",lead,M,20
7a2c1596-e9e3-46e7-843e-1cb6c5bb0842,Snowboard,Lawrence-Smith,if,M,10
e6288431-8713-42a5-a351-919a6debfbb2,Helmet,"Vega, Avery and Mann",military,XL,20
eb370d7e-41e2-4b10-aa28-aded681f7016,Helmet,Wall-Luna,plant,M,20
11513e7b-87fd-4104-aebe-fe8be8c6b237,Snowboard,Weiss-Smith,crime,M,10
67864626-4e29-4613-89e9-5f93f459b2cc,Boots,Glass and Sons,direction,M,20
38ad611b-38b6-4998-90af-13cc3dea3eb6,Ski,Grant-Lopez,major,M,10
46327683-156d-4d37-9079-768c389d8ecc,Helmet,"Estrada, Pope and Gross",hand,XL,20
d4a2988d-5f96-4f07-9662-22a82240c489,Helmet,"Fisher, Cortez and Lewis",upon,XL,20
280d5df8-2f6f-4fae-9905-91c51daeabc8,Snowboard,Watkins-Kramer,thought,S,10
fd46efe7-ad50-4504-b432-91ef27ba396e,Boots,"Bautista, Ruiz and Myers",determine,XL,20
a8193a5c-f8e3-4bd3-a8aa-791248741321,Boots,"Black, Murphy and Barnes",smile,S,20
886f3894-e630-495b-88cc-e4a33ef13a20,Helmet,Holloway-Montgomery,thank,S,20
25bea115-0d2f-4e8c-b127-05c7258a3c9c,Ski,Mcdonald-Woodward,up,M,10
40ff5086-22bc-4032-a1f7-a142fc2c21fb,Ski,Sanders-Jones,single,M,10
e047fbd2-489d-4a9c-bb0e-52ef9d68c685,Ski,"Santos, Villanueva and Rodriguez",music,M,10
dbdbdf48-f9ce-471a-bd44-d59e856c351f,Helmet,"Garcia, Wise and Watkins",field,L,20
affa260b-aefd-4bb7-a225-c62c571e0348,Boots,Jordan Ltd,step,S,20
6edf25be-1609-4c42-a95c-64ed0effbcc6,Helmet,"Raymond, Burnett and Reed",season,XL,20
eae67b9a-65c2-454b-a49e-b930ae3122fa,Helmet,Dillon-Davis,relationship,M,20
ac8a4df1-3096-4c0c-9124-6acfa625626b,Helmet,Luna-Good,movie,M,20
25743d80-c317-481f-9175-61c052900a82,Ski,"Williams, Anderson and Smith",writer,L,10
e098cd2b-4870-48a6-965e-3f0787f5b889,Boots,Wheeler-Phillips,high,XL,20
ce477fa1-87ff-424f-a350-2bde07bcffe0,Boots,"Cain, Brown and Cortez",fine,S,20
4b433b20-c8bc-4983-8be3-10bcd947fbcf,Helmet,"Figueroa, Snyder and Harvey",nation,M,20
644adb2a-5111-4669-9064-b6a7164a1ae0,Ski,Hernandez LLC,partner,S,10
b170c47c-a913-4276-821b-09c57c3ccc10,Helmet,"Patterson, Jones and Owen",election,S,20
3ec52da0-6bb2-4d18-b0d0-231a61e9ae7b,Snowboard,Payne-Jones,form,XL,10
ddb35519-7aa6-4952-8608-ca11e97c6072,Snowboard,"Brewer, Huber and Johnson",charge,S,10
163a4eaf-b21a-4043-9956-e6f95d3a14e5,Boots,Shelton LLC,floor,M,20
99397f73-1536-4fd7-a75e-cfb702947ba5,Snowboard,Knight-Hall,development,S,10
d30a6362-463d-4333-9be5-af31b37bae04,Helmet,Smith-Beck,though,L,20
c7be53e8-4f04-48a0-abde-dc34605013b8,Snowboard,Perez-Guzman,public,S,10
a66caa46-f360-4b36-be59-1460d417fb59,Helmet,Johnson-Peterson,floor,M,20
89cae4be-6e66-4768-a81d-bf84d5cb75fd,Boots,Wilson PLC,result,S,20
be3cc42d-7c0f-46b3-9f73-b31803209368,Ski,Jackson-Giles,miss,M,10
62a41b4c-9b7c-418e-bd1d-45275a550867,Ski,Phillips-Wagner,candidate,XL,10
59bb10de-a401-4f2a-a173-b46c4508716f,Ski,"Valentine, Martinez and Shaw",raise,S,10
9a1f6a72-c60f-42a4-9fcb-97c9a8aafebe,Ski,Phillips-Stewart,purpose,M,10
9f8499d9-f3fe-4805-90d4-ee10e74ac27f,Snowboard,Miller Ltd,be,S,10
26d78727-3e27-4c93-af66-addecb149618,Boots,"Richardson, Garcia and Evans",financial,M,20
a1543c08-ecf6-463c-adb9-7ff1d81503dc,Boots,Moore-Mason,town,L,20
c8b50032-0699-457d-959d-fd0c582a3c1d,Helmet,Fernandez Ltd,nothing,XL,20
bbec992f-3c8e-457b-aec5-a219318cc00c,Ski,Lloyd-Fernandez,see,XL,10
100c1478-264e-4c38-a7d6-b85c60cc07f5,Helmet,"Davis, Mckinney and Evans",expert,L,20
389b41c7-fba9-4062-a9c2-435d3746bf83,Snowboard,Wright-Burns,recently,XL,10
94d83a67-ff92-4d33-9357-e8ed05c0f04d,Ski,Allen-Simmons,move,S,10
8178861f-d273-42e9-a6b5-e2610ec8d2bf,Snowboard,Romero Group,director,M,10
ca3a8102-7683-4f00-8ea1-c52dcaef21ad,Helmet,Brewer-Lee,still,M,20
02c86845-da1c-416e-ac66-4b5cdbea86e3,Snowboard,Benjamin LLC,wonder,L,10
bf863e33-3039-4bdb-be29-6d071f7623c0,Snowboard,"Flores, Decker and Zavala",doctor,S,10
b930a284-ab10-4334-82a3-400c0ea5ccc2,Ski,"Meyer, Jones and Morris",sure,XL,10
c0801652-fb3e-414a-a0e1-563b0c7c46b5,Helmet,Meyer-Gilbert,food,S,20
ec1b8b16-71e5-486b-8b29-930f341f5b86,Ski,Hogan Ltd,despite,XL,10
f84cf6a2-504e-47c2-b5e0-038790a67e6e,Helmet,Shepard-Ward,mean,M,20
a740bdef-9915-4857-8147-83fe937051af,Snowboard,"Jones, Summers and Bolton",great,M,10
3efc471c-6ae4-4204-95cc-9c3c8d333822,Ski,French Ltd,billion,M,10
0461549d-7991-4cbf-b746-5725d776bf97,Snowboard,Johnson-Mccall,window,M,10
3143f689-476e-4f7d-9a04-20ed935f4a1e,Boots,"Wilson, Johnston and Rogers",trade,L,20
6dd6cf79-4a32-4108-b9c0-a465fc36eb55,Boots,Knox-Hall,television,L,20
a829a723-747a-424d-9271-1194f9b6df4c,Ski,Lewis Group,society,XL,10
d0d0f199-e645-4e1f-b07e-1c62f03433fb,Boots,Kent-Jackson,side,XL,20
63b2f4ee-0421-4e37-936f-513af1869205,Snowboard,Gay Group,available,L,10
6648b48f-8dda-4aa2-8e61-d8c0ef288101,Ski,Cannon and Sons,spend,M,10
af6ae23b-84e4-4b40-8c2e-8335bf32d29c,Helmet,Logan Group,store,M,20
acf0f05b-e497-4a25-a005-a92565d04b71,Helmet,Bailey-Wright,father,M,20
1479c4d5-bb84-4e95-ab69-b8f812aac4e5,Helmet,Robles and Sons,sort,M,20
f7fe9293-cae1-4987-8cb9-476cc48e113c,Boots,"Williams, Page and Lynch",reveal,L,20
95876ae8-8994-44b6-a757-f117a5d7467d,Boots,"Wallace, Robinson and Munoz",some,M,20
955aa11f-1880-4c37-a969-425d103a20da,Snowboard,"Benson, Hanson and Casey",enter,M,10
53224980-14c4-495e-ba86-4152dc9ea8f9,Snowboard,King-Reyes,they,M,10
5233bd31-012f-4b8e-baad-d3b50ee24f07,Boots,Pierce-Webb,grow,XL,20
bc5f1f91-b455-4806-8b58-5547f5f23adb,Ski,Green-Hernandez,local,XL,10
8d174ef3-efd5-4be5-8118-99308023a2f0,Boots,Schneider-Holland,surface,L,20
54cd9a88-378f-42d7-98ec-e603fc02bad2,Snowboard,Stuart PLC,according,M,10
54002fd0-05fa-4c6a-96d4-51f2a7f5c2f6,Snowboard,Spence-Rogers,different,M,10
ed145c29-321b-4a3f-936a-a0c268d0c705,Helmet,"Davis, Martin and Lynch",claim,S,20
58074d20-d0f2-4d39-afad-f8de12920d36,Helmet,Guzman Ltd,skin,S,20
a2aa9378-ac55-47ea-9b46-b642bf1b3d61,Snowboard,Graham Inc,decide,M,10
a9fec29c-5bbe-4cb2-b1a8-37a4835cfc80,Snowboard,Johnson Group,Mrs,S,10
8f9996bf-5832-4df3-a4c2-da150fc3a66c,Boots,Williams Group,push,XL,20
523b2572-5729-4077-8399-4a88e5957a91,Helmet,"Carroll, Morgan and Mueller",how,M,20
e0e163e0-223b-4e1a-b8c8-e079e7e7eafd,Boots,"Frey, Castillo and Townsend",class,XL,20
99780eba-255c-4859-98f6-0816a9a7564f,Snowboard,"Sampson, Hicks and Meyer",range,XL,10
c59a2970-20da-413d-bbd6-86e3ba6149a8,Snowboard,"Pena, Harmon and Martinez",follow,XL,10
b2a88558-e072-4469-903d-f06d9bb14cb1,Boots,Jefferson-Collins,task,M,20
189c854c-cd53-4137-a83d-9790a225e9e7,Snowboard,"Walker, Richards and Miller",entire,M,10
1e98de67-0671-44cf-9962-bde9988eba3a,Helmet,Robertson-Mendez,as,M,20
8ba02670-9d62-42af-a569-5d7880652c83,Snowboard,Campbell LLC,special,M,10
fae7dd6e-7774-481b-9d09-e283a620d266,Snowboard,"Hernandez, Moran and Rocha",tonight,XL,10
fd0f26e9-7016-47ff-a474-71453a4e7eff,Helmet,"Cobb, Lopez and Cooper",official,L,20
951e5d5d-1228-48eb-a2a7-ec3ddbdaa5b4,Ski,Smith LLC,become,M,10
44c5cb2e-965f-47f3-a167-8cb5cb9ee9fa,Snowboard,Flores-Meyers,manager,XL,10
bf585f7e-1479-4871-a933-27750946a2e8,Ski,Meyer-Ortiz,position,XL,10
ef20d75c-9cdf-42d8-b119-0e9f63fa6dd9,Ski,Lane Group,cause,XL,10
5b91f3e8-b4e0-4812-9fff-1de80f94ac52,Ski,Fisher-Mueller,wrong,XL,10
badf4c9a-8fe4-4577-bbe1-8828441207d4,Snowboard,Johnson LLC,oil,XL,10
d063599c-e017-4c96-b15a-4ca59e3be23f,Helmet,Morris-Collins,dream,XL,20
07c75a9a-4517-4d03-94b0-7163309496a9,Snowboard,Wilson Group,personal,XL,10
306ded77-ff58-4184-9a1b-a106fc8a125d,Ski,"Bailey, Juarez and Marshall",remain,XL,10
46c99af5-0ffc-424c-914f-8105a68ba659,Ski,Johnson PLC,hope,L,10
8f701a15-d9dd-4a69-a5b3-457502a0cd4d,Boots,Moore-Lee,likely,L,20
c8e5ee79-7567-4a85-abe2-49e2254ef1d0,Boots,Allen Inc,or,L,20
ca77d53f-9d01-4b75-82c3-c4f12cfcbafb,Ski,Stafford Ltd,environmental,M,10
7a33023e-f7d8-4f98-ab52-a28597f6cd3d,Boots,Hernandez and Sons,international,M,20
e8b179a2-50e4-43d1-aaef-22aa9c7aada1,Snowboard,Lee and Sons,option,M,10
93cb5b82-2243-4a52-9a0a-41792ababcbb,Snowboard,Vincent-Scott,mission,XL,10
f7d65bbc-e95c-491a-9ef0-b47aa092c234,Snowboard,Howard Ltd,expert,XL,10
371e7f9a-9c40-4fc2-be58-0177b4acd9bc,Snowboard,Benton-Rodriguez,expect,XL,10
b0746ca5-b44b-42a9-a0a1-61e3a83c7d93,Snowboard,Miller-Joyce,sing,M,10
88a32394-848e-452e-a762-cc723a2bd9d9,Ski,Mitchell-Gordon,Republican,S,10
4ffd7e93-9f3f-440c-b57d-8093b286116c,Ski,Page Group,entire,S,10
358ae12f-c15d-4a73-9245-58c7ce3bfac5,Boots,"Conley, Murphy and Church",your,XL,20
20812894-89c6-4502-95c3-1ab5384bdcb3,Boots,"Ball, Jarvis and Palmer",reduce,M,20
a0875333-312f-46c3-8ccf-6b39a61cb06a,Snowboard,Jordan LLC,partner,L,10
981c97d6-6223-400e-a6c6-948ddee7e41d,Ski,Williams Ltd,factor,M,10
01ee1ed7-24e3-4636-93dc-4b2e6f049e3c,Boots,Andrews-Porter,visit,S,20
64d54be1-0cfa-4328-98cb-ea547d3e846f,Snowboard,"Miranda, Mendoza and Rice",yes,XL,10
a4f056c0-7d19-4568-bd40-eca690c359d2,Snowboard,Hess-Daniels,write,S,10
0208d6fa-883f-453b-a5e7-cb67a9a3cfe4,Helmet,Nelson-Thomas,thing,XL,20
c6d0ca38-8a8f-4fe7-a533-b3c278403d90,Helmet,Schultz and Sons,cold,XL,20
3fc4f7af-a8cb-43a9-9234-b7e12a9a7712,Snowboard,Holt-Quinn,it,XL,10
4d78d8fe-b0ce-4661-9d7e-624208472bec,Ski,"Rogers, King and Zimmerman",learn,L,10
fe78633d-c1af-4749-8f4d-701afc632673,Snowboard,Garcia-Johnson,news,L,10
4da09b52-90ed-4f16-a532-37f4c121ae84,Boots,"Williams, Berry and Sullivan",official,S,20
35a23c45-ff6e-4ef4-9a42-3d58855987c4,Snowboard,Williams LLC,radio,M,10
95274651-f313-462c-8f2b-31ec08ac3fed,Helmet,Guerrero and Sons,tell,L,20
3384a6e9-274e-4e2a-a5e3-3fd3282a92c3,Ski,"Clark, Bowman and Hudson",husband,S,10
c8b5e31e-79aa-417f-8854-30ebf323be18,Ski,Johnson Group,detail,XL,10
66927efa-a7da-428a-9326-b2ba7f91beb7,Ski,Delgado-Davis,fight,M,10
4c2dd9f3-77ea-448b-811e-cbb9e20758eb,Snowboard,Aguirre-Parker,dream,L,10
5156c936-37eb-41ad-9aa9-d81da55d73ef,Boots,"Garcia, Roy and Potter",behind,L,20
0cccddde-fb60-43ea-b47f-54b24f5d7202,Snowboard,Frank PLC,within,S,10
0086c968-cf40-48c3-b25d-b3bf00546234,Helmet,Owens-Mills,off,L,20
9a91b9e2-ba0e-421e-b299-ecdcc63bc027,Boots,"Bryant, Shelton and Carr",computer,M,20
a3064de5-f31b-43be-ba0c-3b196993a3b9,Boots,Ramirez-Long,take,L,20
a62dddc1-c723-448a-8ad4-a36bdd66dd86,Snowboard,"Rios, Johnson and Davis",Mr,M,10
7c2e435b-d7f1-4694-957c-e8ccae4ed9bd,Helmet,Christensen-Lewis,environmental,S,20
93a5b640-7774-47d1-a645-786c5cb75c19,Boots,Robertson-Rocha,up,M,20
b268317d-37d1-456b-a43c-979cad569371,Ski,"Blair, Morris and Moore",son,XL,10
4a803980-cc44-432d-87ea-6ba6bc30e497,Snowboard,Chapman-Phillips,defense,S,10
c1d02bfc-2de8-45d5-b83b-f8ee72bb763d,Boots,Proctor LLC,everybody,M,20
29a35565-c916-4f37-b33c-bbcbab90f720,Boots,"Powell, Smith and Terrell",building,L,20
6803f7b5-3b14-48ea-969a-05419819e59a,Helmet,"Cruz, Tyler and Hopkins",gas,S,20
57033f1a-e610-4a61-9b1c-65e85083eb97,Boots,"Reeves, Walsh and Crosby",green,M,20
afd44ab2-278b-4e0f-92ac-89ee83ff488e,Helmet,Jones Inc,method,L,20
702f9d7e-21ce-4b1f-9dac-2539748b6bd1,Snowboard,"Johnson, Johnson and Chambers",go,S,10
b8858301-e27c-4ff0-9efa-96d7c44a1255,Ski,Vaughn Inc,present,L,10
e84bc427-9c4b-4e8f-9692-f26171ffde2f,Ski,"Mckenzie, Jones and Reynolds",establish,XL,10
8284669d-a4c9-4777-8073-a246a3969d17,Boots,"Espinoza, Compton and Garcia",history,M,20
33cad781-e835-47f1-8483-48d7bbb8193e,Ski,"Norris, Parker and Le",bad,XL,10
2aa62ec2-d3e5-4714-83a0-3db03e381aa6,Snowboard,"Weiss, Herman and Murphy",radio,M,10
4ce829dd-4154-47fe-9b79-bbfa6a91fd8b,Boots,Cooper-Strong,write,L,20
26ac2505-0beb-4f87-8ee7-769c9db24196,Ski,Hubbard Ltd,within,XL,10
385cba3b-6777-41f1-9d88-a40cfa863c8e,Ski,Shields LLC,fund,XL,10
b33c61f0-2e87-444b-95e8-18d9f141c56c,Boots,Oliver-Wells,subject,L,20
3e32bcbb-caa2-469b-b650-3db2d5c06e04,Snowboard,Colon LLC,indeed,S,10
39b24f37-4ff7-4513-9487-50f1e2e9c0c5,Ski,Martin-Ball,decide,M,10
4d55e30a-e1fe-4c86-8467-2634b134007f,Ski,Bowen PLC,southern,XL,10
dd813078-e66c-4ae3-81b7-df01c779498c,Boots,"Lopez, Johnson and Wiley",financial,M,20
f1d00d7b-f8d6-44ff-9806-840876667c6e,Ski,Sweeney-Russell,long,XL,10
6a17078b-3955-414c-ae5a-496e8b0ccd8f,Snowboard,"Chavez, Jones and Mills",agree,XL,10
026ff1af-1378-4378-bb69-fde447fe75c2,Ski,Smith PLC,detail,S,10
cb0be732-61b6-4cb9-af8a-90377603b0a0,Snowboard,Jones-Weber,that,L,10
cebef9db-c608-4776-acfa-b1b69a633bb4,Boots,West-Dunn,final,M,20
ec6012a6-62a7-43aa-9035-574121eb538c,Ski,White PLC,student,XL,10
b0629d4e-f7be-40a1-a2d9-f14ba563a553,Ski,"Williams, Rodriguez and Hancock",face,XL,10
6fbf57b7-69f2-4dd4-a7fd-f6a655ba2b60,Snowboard,Watson Group,daughter,XL,10
cae023b2-3695-455d-a8c9-279e9e5112ff,Helmet,"Smith, Moses and Dominguez",example,S,20
fe01ef2c-665d-4a74-9d94-ec9856c92f27,Ski,Davis Ltd,possible,S,10
838bb998-eada-4c7f-8afc-8e8fa60d1a0e,Ski,Fox and Sons,former,L,10
2b4674c1-ea96-41bb-99aa-b37f158dd619,Helmet,Knight-Diaz,interview,XL,20
8f162e7c-921e-45b0-83f3-4bdca8b34230,Ski,"Maldonado, Hill and Graham",ten,L,10
9547bd65-02d5-4235-9f1e-f16e79d108cf,Ski,Morris-Berry,others,L,10
bb8aa1c2-185b-43fb-a452-cdf4538c28e4,Helmet,"Castillo, Larsen and Stone",a,XL,20
b98675d9-2c92-4222-89d1-793849900336,Snowboard,Kidd Ltd,both,M,10
9d6cb74b-5a24-4a9d-ad01-d316b5f8c345,Boots,"Harvey, Pace and Cannon",positive,M,20
afca181b-9709-4133-8f85-6f7ce3f3c481,Ski,"Spencer, Stephens and Salazar",ten,M,10
4f1b24c2-870a-49ff-acaa-47267f054b60,Ski,"Spencer, Gutierrez and Williams",wind,XL,10
72a13bb4-7c3c-4bd2-84a6-9a89880fe82c,Helmet,"Miller, Patel and Riley",cover,L,20
9c05c650-faa8-4cb5-99e7-144c812fb9bc,Snowboard,Ellis Ltd,surface,XL,10
ea65008c-87b9-4f14-a9c9-4dad9e59e31f,Helmet,"Hawkins, Hines and Davis",poor,XL,20
7687502a-7a8e-49e7-8d48-22a1a3001668,Boots,Gilbert LLC,certain,L,20
aeefdc86-763a-45e3-9e1a-cc64292190c1,Boots,"Wells, Brooks and Horton",star,L,20
c13196a8-0bb4-4b28-ac9d-829ff90b62df,Boots,Ramirez and Sons,recent,S,20
590f0e17-af5e-49c1-8094-d31e11ab143e,Snowboard,Ray-Woodward,quickly,S,10
2d770dd8-5608-4e5c-84be-e57519a972d3,Ski,"Rojas, Bradley and Ewing",evening,L,10
31f63564-d8d8-4ef9-b2c5-07ee7d0c49e0,Ski,Harrison-Scott,model,XL,10
96bee945-a4ee-4f26-b78a-46543a2e6285,Boots,Leblanc PLC,amount,S,20
a7baf5e0-0742-47b8-abf3-5eb75b829bee,Ski,Taylor-Parks,citizen,M,10
e113f78a-2f63-4ee2-900d-633b297f10ec,Helmet,Nelson Ltd,successful,L,20
7aaabf29-bfa5-4e0a-8b06-1b2f301340e7,Helmet,Anderson-Munoz,medical,L,20
0d826026-1157-4361-842d-609d8b79b415,Ski,Wright Inc,old,S,10
0bec10a2-3b45-43b3-aec9-547de3a312e2,Helmet,"Reed, Alvarez and Joyce",drop,XL,20
2a168a16-ce05-4b5d-8559-ce17a663f77f,Snowboard,Woods-Price,bit,XL,10
1f6fa66c-2f78-4756-baf4-83d1fd1a462a,Boots,"Lindsey, Gibson and Evans",size,S,20
ab9c9c17-e92a-4f8f-b776-0b28bc045e28,Ski,Underwood LLC,record,L,10
84678870-6e9b-4a69-81d7-afaddf68b616,Helmet,Murphy Ltd,our,XL,20
cf2a8253-6372-4556-a98d-005b6ce0d5db,Boots,Chavez LLC,break,XL,20
3725e4a5-e54d-4d7a-bd63-b2225866059b,Boots,Boyer Ltd,let,S,20
22fc5db8-b6bc-4f7c-a5f9-3d9d0f61441b,Snowboard,James-Hart,world,S,10
ad0f4c7e-e8e4-4e95-be8d-4a30e2fcdf53,Boots,"Garcia, Jones and Sanchez",them,L,20
1d1be03e-33f2-40a2-ab58-fb9985de480b,Ski,Sanchez-Kim,such,S,10
90781591-1665-4423-995a-73721d779d69,Boots,Diaz-Rasmussen,step,M,20
862d0036-949c-4188-a5f9-6282beec7b76,Boots,Booth-Holt,hospital,M,20
02ba3ed3-ce5d-4011-85a8-bb651c4b4a03,Helmet,"Johnson, Garcia and Williams",total,S,20
f708a828-c45e-4489-9aa7-c62aa19f29f9,Ski,"Arnold, White and Collier",Mrs,M,10
be6cd600-26d0-40c2-930b-af07d31a9e84,Ski,Manning-Evans,make,M,10
41a047e0-b9ed-4575-9ef5-13ef5de176cc,Helmet,Phillips-Walter,point,XL,20
c01b95a2-589c-4c14-923f-98b97f91a9a6,Ski,"Powell, Lang and Day",whether,M,10
14f5b425-fdb5-41d3-a65d-1b4c47b6ebfa,Boots,"Scott, Phillips and Adams",he,S,20
a95ddb57-20b2-4755-8631-de05b769da99,Helmet,"Jones, Lee and Brown",shoulder,M,20
b5747b04-0246-421a-a7da-5201298e34cb,Boots,Sims Group,both,L,20
64e27236-acf7-41ee-bc6d-45d4417dfd77,Helmet,Mckenzie-Mcclure,serve,M,20
3f5dc459-78c1-408e-9f30-686f79295c2f,Ski,Horton and Sons,memory,S,10
4e5f38ca-4cfb-4888-8a9a-78f94e8ff2c0,Snowboard,Gonzalez-Warner,student,S,10
ab06d49e-c64c-49df-bc8e-08b9812e1210,Boots,Byrd Ltd,sound,S,20
d2abce9a-05e2-4113-a45f-04368c9391b1,Boots,Perry-Burnett,newspaper,S,20
3e0041ee-2205-4cad-b862-9cb470f5f32a,Ski,"Dixon, Khan and Davis",age,L,10
1fe1e153-c2e8-4aab-83c6-5cdc2a31720a,Helmet,"Dorsey, Benson and Wu",loss,L,20
5e02d745-ee3c-49d8-a148-33588a3c11c3,Helmet,"Oliver, Evans and Harper",get,M,20
4008b9b9-1088-4240-b372-e391a908d722,Helmet,"Hahn, Welch and Valdez",arm,XL,20
3fdd4a49-2e6e-4151-81dc-1fc463e5b6b1,Helmet,"Santiago, Riddle and Rodriguez",scene,S,20
a476cdd9-40d2-4540-acfa-db66fea93842,Snowboard,Wheeler-Edwards,into,S,10
a7a291f4-6140-4fcb-b920-c30854eb3a9f,Ski,"Duarte, Lynch and Lewis",mean,S,10
99deba05-8e47-48d4-99a9-b8cca3c4f0d2,Snowboard,"Thompson, Cohen and Richards",bring,M,10
5867a58a-7382-4683-b581-15478a8ca2d1,Boots,Grant Ltd,opportunity,L,20
c65c9e1b-aaa7-4141-b31a-22a41893d498,Snowboard,Welch-Davis,west,M,10
75753490-c353-49b4-bb52-e944401c7708,Ski,Hebert-Oconnor,eat,XL,10
723bb272-cde9-4d01-8717-598843e6fa89,Boots,Parrish-Bailey,media,S,20
464b69d2-0bdb-4e2a-9e5c-697d3f8ded5d,Boots,Schultz-Stuart,during,S,20
07fbf42f-4e3a-4172-8c29-6dc4d4aeb2e5,Boots,Rose-Brady,series,L,20
5adf4a15-5fae-4678-b0b8-5f861238b452,Boots,"Jones, Hurst and King",better,XL,20
4f562180-2a40-43f4-ba91-87de061fea23,Boots,"Anderson, Golden and Arias",fear,M,20
401d6936-f201-485a-8877-ba9e0b451157,Ski,"Campbell, Nelson and Mcpherson",game,XL,10
d7375357-03f6-4377-a44f-8ee45842e689,Helmet,Chapman-Nelson,positive,L,20
989b3c64-0e93-4397-9783-c520264ef719,Ski,Steele-Carpenter,page,XL,10
8e897caa-4b22-41fc-819c-7fbc809e7a29,Boots,"Garcia, Martin and Stewart",beat,L,20
f763a1f3-5be5-44ad-b9ca-11d00b2a0ba4,Ski,Wells-Gonzalez,nature,XL,10
1ee3aabd-f5b5-411b-a5bc-756b5ddc1409,Snowboard,Adams-Lewis,anything,M,10
76a5f909-133b-46c5-ac9f-ce289c1cedb0,Snowboard,Martin PLC,officer,L,10
eb370bf0-b44d-44e7-92ca-1da7e5164424,Ski,Deleon LLC,degree,S,10
f7c1b7d4-432f-4240-bba2-7b22e8cceedc,Snowboard,Smith-Martin,difference,M,10
f5ba294a-bd09-4f1e-b1d4-47a4d89eb3ce,Ski,Mason LLC,well,XL,10
cd975a97-47b2-4e39-9392-8381e05262c9,Helmet,Powers Ltd,show,L,20
5111334d-0d4c-4743-a7b8-efa2f6459288,Ski,Cobb-Goodwin,write,S,10
327e853f-2a1c-466f-a087-5b28e9016eef,Snowboard,"Gray, Burgess and Allen",from,L,10
f9733d2f-5296-434b-8c06-b487c426c51b,Helmet,Kelly-Santos,church,M,20
7a8e3211-ed3a-40a7-9f88-91b18aeb9d71,Helmet,Lloyd-Johnson,final,S,20
dabf5fcd-8939-4b32-93bc-8b280b92a513,Helmet,Lopez LLC,against,XL,20
edd9a8e6-f831-4646-a800-8c6a846a8ba6,Ski,Hodges-Henry,happy,S,10
48a99cd9-48ae-4a30-bb06-bded89561fb1,Snowboard,"Nielsen, Price and Evans",size,S,10
a4ea3fe6-ca6b-47d0-bea0-f199543aa935,Ski,Nelson Ltd,card,L,10
2c564f33-dec8-47e7-947a-857a412a0edc,Snowboard,Morgan-Meyers,factor,M,10
a740884b-80c0-418f-a84d-6b3adf450929,Boots,Lutz-Werner,under,L,20
88c46ddd-3859-4b5c-86b9-d80c9f84d5b4,Helmet,Rocha-Pearson,school,XL,20
80e36cc2-03e3-431b-bb74-83cf7b92283f,Helmet,"Ferrell, Gray and Rodriguez",guess,S,20
ca30a97c-7edb-4426-b47f-2ab42760f577,Ski,Lee Ltd,truth,M,10
b6e04c76-23ec-4d61-8983-e39531ab86ee,Snowboard,Mcgee and Sons,for,L,10
e8dfa9c0-29f1-4fc3-baed-0d43463e82fa,Snowboard,Johnson Ltd,defense,S,10
b7afb3ed-358f-4f68-b9c4-714dfdec02ba,Snowboard,"Snyder, Crawford and Proctor",compare,XL,10
de0386a0-3831-4913-8c8b-81493cc2ddb3,Helmet,Cooper-Massey,necessary,L,20
f571c07e-02a0-4ee8-8e2e-83ac1b073fca,Boots,Bray and Sons,that,L,20
3661e971-1188-484b-9ffa-751a7910039e,Boots,Burnett-Vargas,box,S,20
7a57a38a-bb06-4684-bff1-9053776053ab,Boots,"White, Oneal and Carpenter",believe,M,20
014f7aec-54a4-4e45-87ba-8080a9e07a60,Snowboard,"Young, Porter and Reid",gas,XL,10
2b192416-dc23-4dca-9e10-3a693d8b6490,Snowboard,Short Ltd,its,M,10
cba9d64c-f0d3-4351-826d-1ea004d4f083,Helmet,"Morris, Allen and Smith",step,S,20
c6a7b9bb-c56e-4e4b-86c2-bd346dd4d5f0,Ski,Ramirez-Hays,recently,XL,10
6501310e-0067-4970-8f1e-78a0a480457e,Ski,Johnson-Howell,coach,L,10
1e1fbac1-9aee-440d-b9fe-22c376dec215,Snowboard,Watson Group,positive,XL,10
472025ea-cd53-4896-8443-f48b0c35a6cb,Boots,Mason-Ward,behavior,XL,20
b6c013ba-f869-47fe-8356-1eaa412cb2ee,Boots,Jones-Pace,hear,M,20
fce57c6c-1637-428d-855e-757661250d68,Boots,Kemp PLC,training,M,20
ac84eb32-1346-4b75-af3a-49f78af33ab1,Helmet,Allen-Cabrera,account,S,20
0614eba1-26d1-44be-b898-31f06dda4c7e,Helmet,Mendoza-Garner,best,M,20
fa1af00a-0627-4507-8794-0cb68cef98e9,Ski,Ponce-Calderon,support,XL,10
d588f71d-1606-4cc2-81c1-4ffe06f3c6e5,Ski,Berg PLC,standard,XL,10
9c1cee47-0c34-4b4c-975e-25e8ed5edf05,Ski,Valencia Inc,read,L,10
96388364-f30d-4586-ac44-1e9ba734c953,Helmet,Rodriguez Ltd,animal,XL,20
9b755775-f970-4868-9aaf-67570ccf50c6,Boots,Terrell-Villarreal,impact,XL,20
60626cf5-3224-4379-bbdf-390772211b0c,Helmet,Snyder Inc,perform,M,20
e888d2f5-9e8a-44f2-ba59-e1047b236181,Snowboard,Moreno Inc,believe,L,10
4b0e7971-c6e0-497a-895c-cb61f99df8c6,Ski,Jones-Jones,add,M,10
f73a7cad-49ab-4a05-a2ed-b6645cc6f8f2,Ski,"Lee, Jacobs and Morales",wait,L,10
c9ace9a1-1530-4717-9db8-83e5aee56e1a,Ski,"Huff, Mitchell and White",plan,L,10
82e7be51-d823-42c0-a9db-9edeb4139bca,Snowboard,Rubio-Reese,decade,XL,10
2efb5bea-6b4d-4ae9-bcd9-1bee86332f7b,Helmet,"Bryant, Johnson and Short",tax,L,20
10b12252-0c49-40da-89f0-953202f160f5,Helmet,Bennett-Adams,newspaper,L,20
68331f2b-5d0b-48d8-a2e7-123ab8b2a48a,Boots,Mitchell-Wood,report,S,20
0e237a2b-0e21-4f66-a7c6-77adb3bc4371,Ski,Johns LLC,popular,M,10
8bc03226-06e5-4ba9-a3e9-ef1bd435fda2,Helmet,"Dawson, Sanchez and Harris",similar,M,20
33099eb9-ea22-4821-9185-c2113c8f4ae0,Snowboard,Smith-Moore,continue,L,10
35e65437-fd16-4178-b02b-c8049906baf6,Ski,Ramirez-Crosby,medical,L,10
1312e57c-e447-48c3-a7ce-6937f6abad8e,Snowboard,Moore and Sons,amount,XL,10
fe5e9722-71bd-491d-9920-468dc4675d77,Boots,"Wells, Montes and Collins",energy,L,20
0b14eacb-1024-44f7-bcd5-1fb377607e0d,Ski,"Gilmore, Myers and Richmond",attention,S,10
adba6cb4-fbcb-44ef-9b56-3f649bfcf1cd,Helmet,Brown LLC,near,L,20
03754280-e831-4e50-b489-faba061aacbb,Snowboard,"Payne, Miller and Carlson",serious,M,10
38f293ea-7f68-489e-8cb1-9cdeead6920d,Ski,Owen Inc,place,S,10
95d656b6-0326-44bc-8fdf-a0bc6001aadc,Ski,Williams LLC,film,L,10
96bc35b3-5023-4951-b753-9aeb67703061,Helmet,Beck Group,sometimes,XL,20
bec08f11-b341-49c5-bf8e-87b2b004e3fc,Boots,"Nguyen, Pearson and Cooper",per,S,20
5de4bd86-a7c5-4f64-89df-421b3c35abc1,Boots,"Morales, Cook and Jenkins",yeah,XL,20
203b7571-e6f6-4e0b-b84a-ee4edfbd28aa,Ski,Abbott Inc,anyone,S,10
daf4c6d0-e1eb-4b7d-9626-bd01c7501f0e,Ski,"Trevino, Brown and Price",question,S,10
aaead2c7-326a-459a-98fd-8f3ca6354b91,Snowboard,"Williams, Mitchell and Villanueva",must,S,10
5ae671a2-addd-410b-8068-07a7954add64,Helmet,Campbell-Sanders,enter,XL,20
3507d5c6-d2bd-411f-9873-6b22fb5d2c9a,Snowboard,Keller and Sons,bad,XL,10
08ffe181-ead9-461e-b047-f7d6dad8cad7,Ski,"Gomez, Morris and Garcia",population,XL,10
9acbcd62-e5cd-49d1-9ff9-5150278089fb,Snowboard,Flores-Baker,college,XL,10
01e49ed6-6136-4d5b-9a16-acc243c2bdcf,Helmet,Rodriguez PLC,model,S,20
b0675976-2468-425c-a385-9b36def37e9f,Boots,Gonzales-Hamilton,wide,XL,20
31a37603-2142-43a1-9975-4c70e86efdb4,Ski,Smith-Mitchell,better,S,10
985ff546-cbe2-42fa-b8aa-c882d1991c44,Ski,Smith LLC,suddenly,S,10
53ed279e-b5f6-45ee-a1c5-c2d37b519991,Snowboard,"Burns, Anderson and Lewis",find,M,10
070e9271-c991-4ec3-9507-75b759a7dc97,Snowboard,Bradford-Lewis,positive,M,10
4883520c-dde9-4e84-bfbb-3827c3d7dc31,Ski,Young-Snow,until,XL,10
263f2200-5768-45f6-b1b9-96fa2efe98df,Snowboard,Roth PLC,evening,XL,10
7dbeb5cc-b3a4-40ae-a127-d881f88e4fa8,Helmet,"White, Brown and Shaw",onto,S,20
104e55b9-a345-4b06-b6eb-ea75cafe5a4b,Snowboard,"Levine, Mitchell and Terrell",little,XL,10
f65af492-9e98-4ff0-9386-e2fb9ff24917,Helmet,Hebert LLC,one,S,20
a95ef461-0602-4243-bf62-5c149cc942b6,Helmet,Vargas and Sons,executive,M,20
d731edbf-cd97-4bc4-abd9-328e62e3c14e,Boots,Robinson-Clark,explain,XL,20
45072899-b943-49f5-ad38-62fd9feee26f,Helmet,Ortega-Johnson,return,L,20
b91ddab1-3591-4d55-b694-3db1c9daf784,Boots,Brady Inc,performance,S,20
795f7a85-01ff-40dd-9c5e-8e0985e911cd,Ski,"Rodriguez, Newton and Fisher",red,S,10
d6a08fe2-d5c5-4662-b840-8ef468dee177,Boots,Andrews Group,price,S,20
b60cf214-f920-4b13-979f-95d5e6fe073d,Ski,Hall PLC,require,XL,10
ecddb4de-e0d0-4a2b-9359-5dc0c71e6f42,Ski,"Lopez, Crawford and Little",how,S,10
80c0d6a1-b41d-40a6-aba2-800ffc03fd0a,Snowboard,"Porter, Nichols and Wong",night,M,10
52c19744-4350-4c54-9754-2ed1e1508f38,Snowboard,Hunter-Sullivan,behavior,S,10
2add7cdf-1d6e-4a1c-b897-e386bc1e11fd,Helmet,Maynard Group,possible,S,20
7bfcbd47-f9c5-453a-b2e6-dbe93412ede2,Boots,Aguilar Group,performance,S,20
4ea47140-9d72-4ef9-bec9-8b2cd79fd522,Ski,Martin-Walsh,loss,XL,10
dea7963d-2a09-4000-be7a-16c1e038d662,Ski,"Jones, Hoffman and Taylor",not,M,10
0e843c6e-31c9-4c19-b5f2-4bd0c33c94ef,Ski,"Chen, Morrison and Ortega",week,S,10
363ee2e8-05f9-4f1a-8784-2d0d60f6c1de,Ski,"Richardson, Bradley and Snyder",hundred,XL,10
aa5f64e2-dbbe-4f9f-a652-632125ef18cc,Snowboard,Taylor Ltd,either,S,10
0dde2d50-ef9d-45cb-baaa-7bda47c147cf,Boots,Wilson PLC,step,XL,20
2f2348c3-117d-4103-98f9-0de695de9fcf,Boots,Henderson Ltd,grow,S,20
5e87394e-8edd-498f-b2cf-b6e8d40451cf,Snowboard,Murray Ltd,look,M,10
a9f4873f-3b04-42e6-8d02-85abf626f334,Ski,Hughes Group,company,S,10
09b7ba11-b20b-4d7a-834d-59bd14617d13,Ski,Marshall-Dawson,until,XL,10
1b46cfb7-027a-4909-8fc0-196751bb1678,Helmet,"Ross, Reid and Jones",democratic,XL,20
79b875ec-0a2a-43ad-a57e-92a72934f822,Snowboard,Smith Ltd,court,L,10
b393e4a8-f03b-4645-a570-5e82ec8fb2e9,Helmet,"Ruiz, Floyd and Adkins",local,S,20
806d769e-9d58-434c-8986-0902bf5bd902,Ski,Sims Ltd,exist,XL,10
857ea3cb-412e-4b50-a57c-cb4f553a09ff,Snowboard,Mclaughlin Inc,hair,L,10
3bc10df8-aeda-4f49-aa25-178b101abf1e,Snowboard,Harris-Maxwell,long,M,10
b1f13fa8-da19-4bd3-b3bf-b9bf315015e7,Ski,Armstrong PLC,enjoy,L,10
e39091a7-f4b1-45c2-9829-96d12a7ae882,Boots,Lewis Ltd,her,L,20
6b9f6170-43d7-4257-b419-7cf28254c16e,Helmet,"Simmons, Blevins and Harris",piece,L,20
ea3ee36b-9916-455f-8168-3c751dd02100,Boots,Murphy LLC,until,XL,20
391cbf11-b4dd-4cee-90ea-977c7181329a,Helmet,Estes Group,our,XL,20
1631676d-c8e4-4320-8141-06029470bb81,Helmet,Johnson-Smith,once,S,20
9aa529b6-7b6e-4579-884b-cc58aceb2149,Boots,Ortiz LLC,head,L,20
ff0a10a0-abcd-43fa-b34b-9f9c3ebedb36,Boots,Warren-Black,democratic,XL,20
2ae618ce-08c0-46ae-ba7c-d57f041b30f5,Snowboard,Foster-Ward,mean,M,10
ecf00876-1d55-452a-96f3-364e6da1ad91,Boots,"Kane, Barker and Knight",information,M,20
36c527c9-487d-4e1b-932f-e9de85a1fed4,Ski,"Vaughn, Brown and Reyes",relate,M,10
90a414e0-07f3-4c6e-b0a1-0039bc17dfad,Helmet,Martin and Sons,whom,S,20
b7c6c630-bf39-4f9a-bd2a-02d9ebee86b9,Ski,Carter-Green,research,M,10
c3b3ffb7-5d1e-44c8-a621-235deacc6182,Boots,Baldwin-Matthews,western,L,20
e5da4498-9cf2-4e3f-a34b-fa4d2f7e37d7,Ski,"Phillips, Williams and Taylor",everybody,XL,10
2641bc52-38f7-419b-b77a-9979c5d4b810,Boots,"Freeman, Reynolds and Garcia",station,M,20
88ccf00b-04c9-42ac-8d68-cdfcb133908c,Helmet,"Fisher, Nguyen and Kelly",sure,XL,20
29ca5324-0780-4a1d-b85e-04e4d7aafc9b,Boots,"Flores, Richards and Williams",nature,XL,20
f3d382a0-23cd-463e-a7a5-b30e7b047c9e,Snowboard,Bryant-Fields,rule,L,10
62b116a2-0d03-40d4-9c43-ac2a855fc77b,Snowboard,Becker LLC,from,M,10
135a2784-0319-48c4-ba07-4dc73f0616e3,Boots,Parker LLC,only,S,20
8cddf6a8-f458-44cd-8b6d-7399f952c9f3,Helmet,Williams Ltd,significant,XL,20
e08690ec-035f-4d04-9fc1-4d3ba11b2aca,Ski,Jacobs-Brown,happen,M,10
52b7d8bd-df94-4761-96fc-c6d07ee3439e,Boots,Jacobson-Johnson,environment,L,20
03b7dab0-ef50-4937-8da4-ff56c6d4251b,Helmet,Banks-Carey,gas,S,20
6a81cab6-1d10-4224-bca0-7d559b15a7a8,Snowboard,Rice-Stewart,single,L,10
13f7f33c-db99-4706-b3fa-ae555aa4b349,Helmet,"Christian, Graves and Davis",feeling,L,20
41f423fd-f25a-4286-a69d-190e13cae0d7,Boots,Flores and Sons,mean,M,20
564cc8a2-dbbc-45e7-ba8f-b1ff7c536a0b,Boots,Reeves and Sons,service,L,20
e606fd6c-5772-4fb3-b4a7-6fb24fd9ed83,Helmet,Shields-Taylor,follow,M,20
85c311f8-1677-45ca-8682-e393b9613ac9,Snowboard,Perkins-Harris,staff,S,10
91c7f7b8-9872-47ac-9746-892e56643c76,Boots,Perry Inc,wife,L,20
9391d15f-605d-4c2a-a77c-f8836b22028c,Boots,Watson Ltd,security,L,20
f1c1ba70-12a5-41a3-986d-34fd556941d8,Ski,"Nash, Webb and Abbott",leg,L,10
781aadbd-7896-45b8-b955-25c4ee4159f6,Ski,"Daniel, Woods and Thomas",structure,S,10
2c7d3896-5adc-4c3d-9a3c-1413b0fa3cc7,Boots,Horne-Maddox,represent,XL,20
724a29c2-f3b2-484d-9178-15d0b4aa6625,Ski,Hensley-King,red,S,10
e69400f9-2a4a-442f-9799-8275266323b6,Ski,Hernandez LLC,short,L,10
dc6350f9-1eb5-471f-8d39-b9e698ec18c6,Snowboard,Hunter Inc,she,XL,10
43751f00-e906-4920-8f9a-e8be2c984fa8,Ski,"Frost, Jackson and Anderson",south,XL,10
6c14a24c-a526-46c1-8c7c-fbe6ce9b2dbb,Boots,Adkins-Howard,plan,S,20
0f593ad0-59b6-4968-84ee-a38f1411aba2,Ski,"Phelps, Stein and Valenzuela",ready,L,10
f5e26d8f-dd6d-47a9-ab1a-2eb97b7cda29,Ski,Russell-Taylor,sit,XL,10
e1c333f4-b0a4-4841-a640-87a6b40821f6,Helmet,Chan-Harris,seem,XL,20
